{"anova": {"f": 1.6602560611396144, "p": 0.15849877325384812}}