,student_id,age,year_of_study,tuition_usd,campus_facilities_rating,teaching_quality_rating
count,1000.0,1000.0,1000.0,1000.0,1000.0,1000.0
mean,500.5,26.167,2.968,25622.76,3.031,2.942
std,288.8194360957494,5.486457163982256,1.3750879487752292,13935.727507294248,1.4533241727677797,1.4158533259630537
min,1.0,17.0,1.0,2008.0,1.0,1.0
25%,250.75,21.0,2.0,13216.75,2.0,2.0
50%,500.5,26.0,3.0,26084.0,3.0,3.0
75%,750.25,31.0,4.0,37401.5,4.0,4.0
max,1000.0,35.0,5.0,49975.0,5.0,5.0
